Organism Scientific Name	Organism Common Name	Organism Qualifier	Taxonomy id	Assembly Name	Assembly Accession	Source	Annotation	Level	Contig N50	Size	Submission Date	Gene Count	BioProject	BioSample
Clostridium botulinum A str. ATCC 3502		strain: ATCC 3502	413999	ASM6358v1	GCF_000063585.1	RefSeq	GCF_000063585.1-RS_2024_04_11	Complete Genome	3886916	3903260	2007-05-24	3699	PRJNA193	SAMEA1705919
Escherichia phage alpha3		isolate: wildtype	10849	ViralProj14570	GCF_000846145.1	RefSeq	Annotation submitted by NCBI RefSeq	Complete Genome	6087	6087	2000-08-01	10		
Human mastadenovirus A			129875	ViralProj14517	GCF_000846805.1	RefSeq	Annotation submitted by NCBI RefSeq	Complete Genome	34125	34125	2000-08-01	16		
Influenza C virus (C/Ann Arbor/1/50)		strain: C/Ann Arbor/1/50	11553	ViralMultiSegProj15055	GCF_000856665.10	RefSeq	Annotation submitted by NCBI RefSeq	Complete Genome	2183	12906	2017-10-04	9		
West Nile virus			11082	ViralProj15431	GCF_000861085.1	RefSeq	Annotation submitted by NCBI RefSeq	Complete Genome	10962	10962	2000-12-03	1		
Hepatitis C virus genotype 1		isolate: H77	41856	ViralProj15432	GCF_000861845.1	RefSeq	Annotation submitted by NCBI RefSeq	Complete Genome	9646	9646	2002-08-07	1		
Human immunodeficiency virus 1			11676	ViralProj15476	GCF_000864765.1	RefSeq	Annotation submitted by NCBI RefSeq	Complete Genome	9181	9181	2000-08-01	10		
SARS coronavirus Tor2		isolate: Tor2	227984	ViralProj15500	GCF_000864885.1	RefSeq	Annotation submitted by NCBI RefSeq	Complete Genome	29751	29751	2003-05-01	13		
Influenza A virus (A/New York/392/2004(H3N2))		strain: A/New York/392/2004	335341	ViralMultiSegProj15622	GCF_000865085.1	RefSeq	Annotation submitted by NCBI RefSeq	Complete Genome	2233	13627	2005-08-30	12		
dengue virus type 2		strain: 16681	11060	ViralProj20183	GCF_000871845.1	RefSeq	Annotation submitted by NCBI RefSeq	Complete Genome	10723	10723	2007-11-01	1		
Human mastadenovirus B			108098	ViralProj31177	GCF_000880515.1	RefSeq	Annotation submitted by NCBI RefSeq	Complete Genome	35343	35343	2008-09-04	17		
Zika virus		strain: MR 766	64320	ViralProj36615	GCF_000882815.3	RefSeq	Annotation submitted by NCBI RefSeq	Complete Genome	10794	10794	2009-04-06	1		
Hepatitis C virus genotype 7		isolate: QC69	1544901	ViralProj339556	GCF_001712785.1	RefSeq	Annotation submitted by NCBI RefSeq	Complete Genome	9443	9443	2016-08-19	1		
Clostridium butyricum		strain: CDC_51208	1492	ASM188687v1	GCF_001886875.1	RefSeq	NCBI Prokaryotic Genome Annotation Pipeline (PGAP)	Complete Genome	3809831	4639914	2016-11-28	4230	PRJNA301981	SAMN04262337
Severe acute respiratory syndrome coronavirus 2		isolate: Wuhan-Hu-1	2697049	ASM985889v3	GCF_009858895.2	RefSeq	Annotation submitted by NCBI RefSeq	Complete Genome	29903	29903	2020-01-17	11		
Lactobacillus intestinalis		strain: DSM 6629	151781	ASM2439779v1	GCF_024397795.1	RefSeq	NCBI Prokaryotic Genome Annotation Pipeline (PGAP)	Complete Genome	1699754	2038712	2022-07-25	1924	PRJNA721108	SAMN18709981
A piece of Homo sapiens chromosome 16, GRCh38.p14 Primary Assembly					NC_000016.10			Partial Cromossome 16						
